Neighborhood,Price,Bedrooms,Bathrooms,House Size,Description,Neighborhood Description
Enchanted Forest,750000,4,3,2800,"Welcome to this charming cottage nestled in the heart of the Enchanted Forest. This 4 bedroom, 3 bathroom home features a cozy fireplace, hardwood floors, and a spacious backyard perfect for entertaining. The kitchen boasts granite countertops and stainless steel appliances. Enjoy the tranquility of nature while being just a short drive away from the city.","The Enchanted Forest neighborhood is known for its lush greenery, winding paths, and sense of magic. Residents enjoy access to hiking trails, parks, and a strong sense of community. Local cafes and shops are just a stone's throw away, making this neighborhood the perfect blend of nature and convenience."
Sunset Heights,950000,5,4,3500,"Step into luxury in this stunning 5 bedroom, 4 bathroom home in Sunset Heights. The open concept floor plan is perfect for entertaining, with a gourmet kitchen, formal dining room, and a spacious living area. The master suite features a spa-like bathroom and a private balcony with breathtaking views. The backyard oasis includes a pool, hot tub, and outdoor kitchen.","Sunset Heights is a prestigious neighborhood known for its panoramic views of the city and mountains. Residents enjoy easy access to top-rated schools, upscale dining, and shopping. The community is family-friendly with parks, playgrounds, and walking trails. Experience the best of luxury living in Sunset Heights."
Oceanfront Paradise,1200000,6,5,4500,"Live the dream in this oceanfront paradise with 6 bedrooms, 5 bathrooms, and over 4500 sqft of living space. The home features floor-to-ceiling windows, a gourmet kitchen, and multiple outdoor decks to enjoy the stunning views. The master suite is a true retreat with a fireplace, spa-like bathroom, and private balcony overlooking the ocean.","Oceanfront Paradise is a sought-after neighborhood for those who love the beach lifestyle. Residents have direct access to the sandy shores, perfect for surfing, swimming, and sunbathing. The community is vibrant with beachfront cafes, boutique shops, and a lively atmosphere. Embrace coastal living in Oceanfront Paradise."
Mountain Retreat,850000,3,2,2200,"Escape to this peaceful mountain retreat with 3 bedrooms, 2 bathrooms, and 2200 sqft of living space. The home features a cozy fireplace, vaulted ceilings, and a wrap-around deck with panoramic mountain views. The kitchen is equipped with modern appliances and a breakfast bar. Enjoy the serenity of nature just steps from your door.","Mountain Retreat is a secluded enclave nestled in the mountains, offering privacy and tranquility. Residents have access to hiking trails, fishing streams, and wildlife sightings. The community is close-knit, with neighbors who value the natural beauty of the surroundings. Experience the ultimate mountain living in Mountain Retreat."
Crystal Cove,750000,5,4,3500,"Step into luxury with this stunning Mediterranean villa in the prestigious Crystal Cove community. This 5 bedroom, 4 bathroom home features high ceilings, marble floors, and panoramic ocean views. The gourmet kitchen is equipped with top-of-the-line appliances and a large island for entertaining. The outdoor space includes a sparkling pool, spa, and built-in BBQ area. Live the resort lifestyle in this exquisite property.","Crystal Cove is a gated community with exclusive amenities such as a clubhouse, tennis courts, and private beach access. Enjoy the coastal breezes and breathtaking sunsets from your own backyard. Close to upscale shopping centers, fine dining restaurants, and renowned schools, this neighborhood offers the ultimate in luxury living."
Golden Valley Estates,600000,4,3,2800,"Experience luxury living in Golden Valley Estates with this elegant 4 bedroom, 3 bathroom home. The grand foyer welcomes you into the formal living room with a fireplace and soaring ceilings. The gourmet kitchen features custom cabinetry, granite countertops, and a breakfast nook. The backyard paradise includes a pool, spa, and built-in BBQ area. The master suite offers a private balcony with stunning views of the surrounding hills. Live the life of luxury in this prestigious property.","Golden Valley Estates is an upscale community with manicured lawns, tennis courts, and walking paths. Residents can enjoy the country club amenities, including a golf course, swimming pool, and fitness center. Close to shopping centers, restaurants, and top-rated schools, this neighborhood offers the perfect blend of elegance and convenience."
Oceanfront Oasis,1500000,5,4,4000,"Experience luxury living in this stunning oceanfront home. With 5 bedrooms and 4 bathrooms, this spacious residence offers panoramic views of the ocean from nearly every room. The gourmet kitchen features high-end appliances and a large island, perfect for entertaining. The master suite includes a private balcony, walk-in closet, and a luxurious en-suite bathroom. The outdoor space is an entertainer's dream with a pool, spa, and outdoor kitchen.","The Oceanfront Oasis neighborhood is a prestigious coastal community known for its exclusive beachfront properties and upscale amenities. Residents enjoy private beach access, world-class dining options, and a vibrant nightlife scene."
Urban Chic Loft,800000,2,2,1800,"Live in style in this modern urban chic loft located in the heart of the city. This 2 bedroom, 2 bathroom loft features an open concept living space with high ceilings, exposed brick walls, and industrial accents. The gourmet kitchen is equipped with stainless steel appliances and a large island. The master suite includes a walk-in closet and a sleek en-suite bathroom. The rooftop terrace offers stunning city views and is perfect for entertaining.","The Urban Chic Loft neighborhood is a vibrant urban community with a mix of trendy restaurants, art galleries, and boutiques. Residents enjoy easy access to public transportation, cultural events, and nightlife hotspots."
Crystal Waters,750000,5,4,3500,"Step into luxury living at this stunning waterfront property in Crystal Waters. This 5 bedroom, 4 bathroom home offers panoramic views of the lake from nearly every room. The gourmet kitchen features high-end appliances and a large island. The spacious living room is perfect for entertaining with a wet bar and fireplace. The master suite is a private oasis with a balcony overlooking the water. Outside, the expansive deck is ideal for al fresco dining and relaxing by the pool.","Crystal Waters is a prestigious waterfront community known for its upscale homes and beautiful scenery. Residents enjoy boating, fishing, and water sports right in their backyard. The neighborhood is conveniently located near shopping centers, restaurants, and top-rated schools."
Sunset Ridge,600000,3,2,2000,"Discover the perfect blend of comfort and style at this modern ranch home in Sunset Ridge. This 3 bedroom, 2 bathroom property features an open floor plan with high ceilings and hardwood floors throughout. The chef's kitchen is equipped with quartz countertops and a breakfast bar. The master suite offers a walk-in closet and a spa-like bathroom. The backyard oasis includes a covered patio and a fire pit, perfect for outdoor gatherings.","Sunset Ridge is a sought-after neighborhood known for its friendly community and convenient location. Residents have access to parks, walking trails, and recreational facilities. The neighborhood is close to major highways, making it easy to commute to downtown and other parts of the city."
Mountain View Estates,900000,6,5,4000,"Experience luxury living at its finest in this custom-built estate in Mountain View Estates. This 6 bedroom, 5 bathroom home exudes elegance with high-end finishes and designer touches. The grand foyer leads to a formal living room and dining room with coffered ceilings. The gourmet kitchen is a chef's dream with top-of-the-line appliances and a butler's pantry. The master suite is a private retreat with a sitting area and a spa-like ensuite bathroom. The backyard paradise features a pool, spa, and outdoor kitchen.","Mountain View Estates is an exclusive gated community known for its privacy and security. Residents enjoy breathtaking views of the surrounding mountains and easy access to hiking trails. The neighborhood is close to upscale shopping centers, fine dining restaurants, and prestigious schools."
Urban Chic,900000,1,1,1000,"Experience city living at its best in this stylish 1 bedroom, 1 bathroom loft in the heart of the Urban Chic neighborhood. The 1000 sqft space features high ceilings, exposed brick walls, and modern finishes. With trendy cafes, boutiques, and art galleries just steps away, this is urban living redefined.","The Urban Chic neighborhood is a vibrant hub of culture, creativity, and innovation. Residents enjoy a thriving arts scene, live music venues, and foodie hotspots. The community hosts street festivals, art walks, and rooftop parties with skyline views. With a mix of historic charm and modern amenities, this neighborhood is the epitome of urban cool."
